fid,adep,ades,our_callsign,bra_callsign,our_first_time,our_last_time,bra_time,time_diff_min,match_method,n_positions,bra_hfe_v1,bra_hfe_v2,bra_dist_flown_v1,bra_dist_flown_v2,bra_dist_achieved_v1,bra_dist_achieved_v2,bra_equip
0,SBKP,SBCF,ACN5990,NA,2025-12-10T19:20:48Z,2025-12-10T21:13:35Z,2025-12-10T19:21:19Z,0.5166666666666667,callsign,1311,2.10889059397171,2.45158755911718,193.669264258547,132.823212822873,189.669345276366,129.644855670226,C208
1,SBKP,SBCF,AZU2607,NA,2025-12-10T15:48:06Z,2025-12-10T16:45:11Z,2025-12-10T15:48:34Z,0.4666666666666667,callsign,831,5.33190207988187,5.32044462572758,201.828631747662,140.068033234018,191.612064115769,132.992254003267,E295
4,SBKP,SBCF,AZU2658,NA,2025-12-10T11:31:11Z,2025-12-10T12:24:31Z,2025-12-10T11:31:41Z,0.5,callsign,787,5.93108265958309,5.70010732890734,202.282674351651,140.38690248816,190.956864853067,132.816234567594,E295
5,SBKP,SBCF,AZU2920,NA,2025-12-10T22:26:33Z,2025-12-10T23:19:02Z,2025-12-10T22:26:46Z,0.21666666666666667,callsign,776,8.81134724954176,8.08683455891339,208.285152717382,143.553340258481,191.4185955622,132.812974720095,E295
6,SBSP,SBCF,AZU4030,NA,2025-12-10T09:11:54Z,2025-12-10T10:13:12Z,2025-12-10T09:11:55Z,0.016666666666666666,callsign,905,3.72837193313485,4.00836745353569,213.36477465371,151.577895821569,205.695674845112,145.736251354281,A20N
7,SBKP,SBCF,AZU4043,NA,2025-12-10T09:33:00Z,2025-12-10T10:33:18Z,2025-12-10T09:33:27Z,0.45,callsign,889,5.7246780019731,5.37271359233733,202.031385950602,140.101601952043,191.091985115179,132.958141795668,E195
8,SBKP,SBCF,AZU4045,NA,2025-12-10T13:43:11Z,2025-12-10T14:35:10Z,2025-12-10T13:43:26Z,0.25,callsign,765,5.62648719983351,5.69768965616474,201.701653930448,140.372541201162,190.957457052274,132.805685401256,E295
9,SBCF,SBKP,AZU4046,NA,2025-12-10T20:36:02Z,2025-12-10T21:34:24Z,2025-12-10T20:36:09Z,0.11666666666666667,callsign,862,4.06933114610751,5.08263831124721,200.777740716574,140.363696819705,192.926906039871,133.574583847008,E295
10,SBCF,SBKP,AZU4082,NA,2025-12-10T01:23:28Z,2025-12-10T02:34:21Z,2025-12-10T01:23:23Z,0.08333333333333333,callsign,558,7.65468663648767,8.12430612720877,207.754780547447,146.479554622338,192.982569582839,135.473289835501,E195
11,SBCF,SBKP,AZU4096,NA,2025-12-10T11:40:59Z,2025-12-10T12:37:01Z,2025-12-10T11:41:34Z,0.5833333333333334,callsign,828,6.35684326743981,7.41145435986795,205.024096891725,144.188858149966,192.770009519915,134.239741012053,E295
13,SBGR,SBRJ,AZU4193,NA,2025-12-10T10:08:48Z,2025-12-10T10:53:17Z,2025-12-10T10:08:18Z,0.5,callsign,656,2.62359006974017,2.83503692264658,109.803304200784,49.4153090699648,106.996163480701,48.0529890869154,E195
14,SBGR,SBRJ,AZU4311,NA,2025-12-10T21:29:22Z,2025-12-10T22:05:49Z,2025-12-10T21:29:20Z,0.03333333333333333,callsign,539,2.39126130734154,2.60454870919744,109.842438568439,49.5818588526834,107.277161318222,48.3232561094427,E295
15,SBCF,SBKP,AZU4321,NA,2025-12-10T17:48:36Z,2025-12-10T18:39:45Z,2025-12-10T17:49:15Z,0.65,callsign,756,6.49491848449537,8.1640771079898,205.507805452437,145.005492204972,192.97428307094,134.060675301838,E295
16,SBCF,SBKP,AZU4350,NA,2025-12-10T13:31:19Z,2025-12-10T14:24:25Z,2025-12-10T13:32:00Z,0.6833333333333333,callsign,781,6.16491739925706,7.2867607426931,204.867265660977,144.18274698139,192.970776674302,134.390064518011,E295
17,SBKP,SBCF,AZU4484,NA,2025-12-10T01:21:02Z,2025-12-10T02:03:21Z,2025-12-10T01:21:11Z,0.15,callsign,316,5.48074678201219,5.80950932239769,201.41565012708,140.39421811564,190.95015561781,132.685822866699,E295
18,SBRJ,SBGR,AZU4645,NA,2025-12-10T11:55:41Z,2025-12-10T12:30:08Z,2025-12-10T11:55:42Z,0.016666666666666666,callsign,509,2.515173619392,3.49727951783763,109.496899148348,48.4195444186549,106.81043135612,46.7833982151288,E195
19,SBRJ,SBGR,AZU4741,NA,2025-12-10T19:15:23Z,2025-12-10T20:00:36Z,2025-12-10T19:14:23Z,1,callsign,669,1.76592012353499,1.82072709770028,107.910171857207,46.8416166526766,106.037631975629,46.004009191302,E295
20,SBSP,SBCF,AZU4797,NA,2025-12-10T23:58:45Z,2025-12-10T23:59:58Z,2025-12-10T23:59:39Z,0.9,callsign,19,1.21370756141476,0.559153456331222,206.901342803659,145.279029271553,204.420278427321,144.471213487932,E195
22,SBKP,SBCF,AZU4957,NA,2025-12-10T19:07:21Z,2025-12-10T19:59:31Z,2025-12-10T19:07:50Z,0.48333333333333334,callsign,772,10.3027284218092,5.75757188761843,219.265450457451,140.282850192284,198.785155720679,132.645679820782,E295
23,SBSP,SBCF,AZU5020,NA,2025-12-10T15:21:39Z,2025-12-10T16:15:29Z,2025-12-10T15:22:05Z,0.43333333333333335,callsign,795,1.09405354193718,1.11507141120785,207.015247827251,145.986787694135,204.774900772352,144.376882354605,E195
25,SBCF,SBSP,AZU6029,NA,2025-12-10T12:46:02Z,2025-12-10T14:21:59Z,2025-12-10T12:46:38Z,0.6,callsign,1395,87.6811704644154,11.2157404938881,424.347873744871,176.277906647294,226.100398188495,158.500861356924,E195
29,SBSP,SBCF,AZU6400,NA,2025-12-10T13:30:09Z,2025-12-10T14:26:15Z,2025-12-10T13:30:36Z,0.45,callsign,825,1.43381878586735,0.728766914637237,207.52913017247,145.688854677542,204.595600024264,144.634804078369,E195
31,SBCF,SBSP,AZU6419,NA,2025-12-10T20:03:34Z,2025-12-10T21:26:52Z,2025-12-10T20:04:16Z,0.7,callsign,1230,17.8776656394457,10.8788627371011,264.162326001945,173.624961420183,224.098708240408,156.589774763343,E195
34,SBCF,SBSP,AZU6503,NA,2025-12-10T17:24:33Z,2025-12-10T19:29:03Z,2025-12-10T17:25:18Z,0.75,callsign,1840,12.7674495414059,7.01326831697303,246.386419512459,237.269898163588,218.490726281781,221.72007443114,E195
35,SBSP,SBCF,AZU9354,NA,2025-12-10T22:12:04Z,2025-12-10T22:59:44Z,2025-12-10T22:12:27Z,0.38333333333333336,callsign,704,1.30738229461886,0.548042768703805,207.024059809738,145.185615083925,204.352392807542,144.394272713894,E295
36,SBCF,SBSP,AZU9601,NA,2025-12-10T11:57:59Z,2025-12-10T13:37:45Z,2025-12-10T11:58:37Z,0.6333333333333333,callsign,1455,125.402890409622,114.546690208306,493.108201881081,459.995656858842,218.767470543506,214.403520470172,A20N
37,SBKP,SBCF,AZU9901,NA,2025-12-10T10:17:37Z,2025-12-10T11:34:27Z,2025-12-10T10:17:50Z,0.21666666666666667,callsign,1134,8.43763408702518,5.61156283292481,205.865666484107,139.09274039079,189.847065751077,131.702189286633,AT76
38,SBCF,SBKP,AZU9902,NA,2025-12-10T13:09:25Z,2025-12-10T14:40:23Z,2025-12-10T13:10:04Z,0.65,callsign,1340,9.97345855268563,8.20045342675393,212.785038968273,145.712465345153,193.487630350675,134.668996968476,AT76
40,SBSV,SBGR,GLO1161,NA,2025-12-10T13:39:02Z,2025-12-10T15:32:18Z,2025-12-10T13:39:13Z,0.18333333333333332,callsign,1662,1.16181082867927,0.786546449449488,717.208852729982,654.863935601411,708.97193995923794,649.753323902079,B38M
41,SBSP,SBCF,GLO1184,NA,2025-12-10T12:55:23Z,2025-12-10T13:38:34Z,2025-12-10T12:55:27Z,0.06666666666666667,callsign,638,1.15917704811165,0.511365017776833,206.568813850856,145.043493843356,204.20175398679999,144.305565661856,B738
42,SBBR,SBSV,GLO1232,NA,2025-12-10T15:45:00Z,2025-12-10T17:13:19Z,2025-12-10T15:45:24Z,0.4,callsign,1293,2.34858408547554,2.18872765501326,521.285867766239,460.849968527369,509.323966153642,450.97926072941,B38M
44,SBSP,SBCF,GLO1304,NA,2025-12-10T12:30:24Z,2025-12-10T13:25:36Z,2025-12-10T12:30:25Z,0.016666666666666666,callsign,798,4.68481649304813,5.28583106868803,216.061872047887,154.169323549037,206.39275043505,146.42931720647,B738
45,SBCF,SBSP,GLO1311,NA,2025-12-10T10:02:21Z,2025-12-10T11:10:27Z,2025-12-10T10:02:37Z,0.26666666666666666,callsign,1005,13.2229158054502,10.7464262061558,254.064336333823,172.583462460706,224.393034330947,155.83659750739,B738
46,SBSP,SBCF,GLO1312,NA,2025-12-10T19:10:23Z,2025-12-10T20:07:17Z,2025-12-10T19:10:10Z,0.21666666666666667,callsign,842,14.0553063683399,5.95701356215377,244.235384779389,156.03396900674,214.137678075788,147.261576899024,B738
48,SBCF,SBSP,GLO1317,NA,2025-12-10T13:33:45Z,2025-12-10T14:53:31Z,2025-12-10T13:34:10Z,0.4166666666666667,callsign,1167,18.8888936091417,18.2061166194513,275.413428410494,195.736201009319,231.65614554034,165.588893880564,B738
49,SBCF,SBSP,GLO1329,NA,2025-12-10T14:27:44Z,2025-12-10T15:42:13Z,2025-12-10T14:28:00Z,0.26666666666666666,callsign,1092,16.772597801954,10.5767623921136,261.719333715595,172.370473396972,224.127354055675,155.883089419577,B738
50,SBSP,SBCF,GLO1334,NA,2025-12-10T15:01:42Z,2025-12-10T16:00:56Z,2025-12-10T15:01:47Z,0.08333333333333333,callsign,875,0.798486910141632,0.602926920360922,206.029166594051,145.185419340181,204.397082644424,144.315303525028,B737
53,SBCF,SBSP,GLO1369,NA,2025-12-10T21:18:03Z,2025-12-10T22:49:41Z,2025-12-10T21:18:09Z,0.1,callsign,1353,19.1976182547357,16.1397467952744,263.93224611073,184.496395601305,221.424093849496,158.857239396713,B737
54,SBSP,SBCF,GLO1370,NA,2025-12-10T01:19:12Z,2025-12-10T02:02:37Z,2025-12-10T01:19:09Z,0.05,callsign,316,1.44194000959274,0.791526734710603,207.536042236968,145.772368717079,204.586034353585,144.627602576912,B738
55,SBCF,SBSP,GLO1371,NA,2025-12-10T21:31:33Z,2025-12-10T23:20:48Z,2025-12-10T21:31:41Z,0.13333333333333333,callsign,1613,13.2681437537642,10.7447958763703,254.083891889293,173.627499662421,224.320699067561,156.781633203107,B738
56,SBSV,SBGR,GLO1625,NA,2025-12-10T15:51:10Z,2025-12-10T18:15:23Z,2025-12-10T15:51:26Z,0.26666666666666666,callsign,2118,10.1321348918244,10.5600609967873,780.186293210614,718.797219020141,708.409306672335,650.141843754074,B38M
57,SBGR,SBSV,GLO1636,NA,2025-12-10T03:00:30Z,2025-12-10T04:51:54Z,2025-12-10T03:00:16Z,0.23333333333333334,callsign,1584,0.319474501779535,0.292069740186083,707.92443996583,647.363762665783,705.67000423559,645.478515243355,B38M
59,SBSV,SBBR,GLO1747,NA,2025-12-10T08:59:37Z,2025-12-10T10:38:31Z,2025-12-10T08:59:53Z,0.26666666666666666,callsign,1458,3.36353525825428,1.25073687605503,531.630709832626,455.738220497239,514.331005130914,450.108546918651,B38M
63,SBCT,SBBR,GLO1785,NA,2025-12-10T09:15:01Z,2025-12-10T10:49:53Z,2025-12-10T09:15:17Z,0.26666666666666666,callsign,1400,1.11599351944293,0.812771639121569,511.260348370463,449.167989360714,505.617687742104,445.546712046164,B38M
64,SBBR,SBSV,GLO1826,NA,2025-12-10T12:49:25Z,2025-12-10T14:17:02Z,2025-12-10T12:49:26Z,0.016666666666666666,callsign,1272,1.45751538124246,1.16719680535592,517.4432800702,456.642861582276,510.00980866309,451.374433612952,B38M
65,SBSV,SBBR,GLO1859,NA,2025-12-10T18:39:13Z,2025-12-10T20:21:04Z,2025-12-10T18:39:16Z,0.05,callsign,1503,5.32616539898964,3.11246584317862,541.734535497655,462.730722760051,514.33993960142,448.763123814542,B737
66,SBSV,SBGR,GLO1943,NA,2025-12-10T08:27:42Z,2025-12-10T10:51:55Z,2025-12-10T08:28:01Z,0.31666666666666665,callsign,2129,1.38724123324648,0.734779846894605,715.877121403919,652.530185144325,706.082059928041,647.770498070375,B38M
68,SBGR,SBSV,GLO9612,NA,2025-12-10T10:25:38Z,2025-12-10T12:18:49Z,2025-12-10T10:25:30Z,0.13333333333333333,callsign,1670,0.250134426955656,0.200852618942266,707.094861688588,646.495344500627,705.330587066486,645.19944451891,B738
70,SBGR,SBSV,GLO9618,NA,2025-12-10T08:33:18Z,2025-12-10T10:24:53Z,2025-12-10T08:33:05Z,0.21666666666666667,callsign,1647,0.292492213570506,0.198758685557168,707.346760649816,646.313152443451,705.283860274942,645.031097113394,B738
71,SBCF,SBSP,GLO9676,NA,2025-12-10T19:17:13Z,2025-12-10T20:26:54Z,2025-12-10T19:17:43Z,0.5,callsign,1029,16.8197674976825,11.7712138819415,264.587971139786,175.446942236554,226.492465108729,156.969702791159,B738
79,SBSV,SBGR,SID9302,NA,2025-12-10T01:49:45Z,2025-12-10T03:46:16Z,2025-12-10T01:49:46Z,0.016666666666666666,callsign,1105,1.74275511892652,1.18246739546229,720.087074632549,657.080196118954,707.752678596961,649.401238211376,B734
81,SBCF,SBSP,TAM3001,NA,2025-12-10T19:33:02Z,2025-12-10T20:43:37Z,2025-12-10T19:33:42Z,0.6666666666666666,callsign,1043,13.3535161656422,10.9497420050392,255.43234827794,174.112388530034,225.341354126748,156.92906119793,A320
83,SBCF,SBSP,TAM3037,NA,2025-12-10T09:47:39Z,2025-12-10T10:50:21Z,2025-12-10T09:48:11Z,0.5333333333333333,callsign,925,10.5869651272242,7.03405524234273,247.507202872455,165.359149807753,223.812275332551,154.492090796104,A320
84,SBCF,SBSP,TAM3039,NA,2025-12-10T13:24:23Z,2025-12-10T14:32:52Z,2025-12-10T13:24:31Z,0.13333333333333333,callsign,1008,13.6817197677141,11.0577195379218,254.873829972791,174.030210951478,224.199484748801,156.702489188114,A320
85,SBSP,SBCF,TAM3042,NA,2025-12-10T20:41:59Z,2025-12-10T21:35:58Z,2025-12-10T20:42:02Z,0.05,callsign,797,2.24577894919319,1.54616873629705,210.487572086276,148.100907846191,205.864314644098,145.845884378751,A320
86,SBCF,SBSP,TAM3049,NA,2025-12-10T22:57:46Z,2025-12-10T23:59:58Z,2025-12-10T22:58:03Z,0.2833333333333333,callsign,918,39.2936847923207,39.6051849322643,312.510609583318,225.564044533475,224.3537530429,161.572827429667,A320
87,SBCF,SBSP,TAM3051,NA,2025-12-10T17:42:55Z,2025-12-10T18:49:58Z,2025-12-10T17:42:54Z,0.016666666666666666,callsign,991,12.934301517919,10.318933663063,253.378024234445,171.550866929603,224.35878278686,155.504464404592,A320
88,SBSP,SBCF,TAM3052,NA,2025-12-10T09:23:16Z,2025-12-10T10:25:17Z,2025-12-10T09:23:14Z,0.03333333333333333,callsign,915,2.45926648237922,2.3506035203217,209.382113882366,147.79872683811,204.356444342079,144.404353032236,A320
89,SBCF,SBSP,TAM3053,NA,2025-12-10T11:28:20Z,2025-12-10T12:37:30Z,2025-12-10T11:28:52Z,0.5333333333333333,callsign,1021,21.7449864073169,19.4691449718473,273.074258608536,193.552062002394,224.300208712434,162.010083899073,A320
90,SBBR,SBCT,TAM3110,NA,2025-12-10T12:30:44Z,2025-12-10T14:19:44Z,2025-12-10T12:30:25Z,0.31666666666666665,callsign,1588,4.15186095113495,1.43407809950069,533.180425363396,454.255160049707,511.925970879723,447.832886699192,A320
92,SBSP,SBCF,TAM3126,NA,2025-12-10T00:41:28Z,2025-12-10T01:26:35Z,2025-12-10T00:41:19Z,0.15,callsign,354,0.780361031263014,0.552923560446607,205.900147757021,145.149226228651,204.305824716334,144.351075124529,A320
93,SBGR,SBSV,TAM3350,NA,2025-12-10T11:30:30Z,2025-12-10T13:25:04Z,2025-12-10T11:30:25Z,0.08333333333333333,callsign,1673,0.410636693214404,0.373777801219524,708.996636020058,648.337159245924,706.097142065001,645.922843045613,A320
94,SBSV,SBGR,TAM3351,NA,2025-12-10T21:35:58Z,2025-12-10T23:55:54Z,2025-12-10T21:35:55Z,0.05,callsign,2066,5.37494022149993,5.26069875519345,746.948757557954,683.508947396556,708.848570625858,649.34866999715,A321
95,SBSV,SBGR,TAM3353,NA,2025-12-10T17:03:02Z,2025-12-10T20:08:14Z,2025-12-10T17:03:02Z,0,callsign,2737,53.40601784507,57.5078077982593,1087.81610260898,1027.32426197071,709.109145710045,652.23703912287,A321
96,SBGR,SBSV,TAM3354,NA,2025-12-10T19:19:43Z,2025-12-10T21:09:36Z,2025-12-10T19:19:48Z,0.08333333333333333,callsign,1623,1.30207429347536,1.28387837359269,714.574383277178,653.296658665796,705.389685513283,645.015444862869,A320
98,SBSV,SBGR,TAM3359,NA,2025-12-10T07:50:03Z,2025-12-10T10:01:16Z,2025-12-10T07:50:02Z,0.016666666666666666,callsign,1938,1.21242686982808,0.76661991479099,715.242010498419,652.67950035655,706.674103782049,647.713995873297,A321
99,SBSV,SBGR,TAM3381,NA,2025-12-10T00:57:30Z,2025-12-10T03:23:35Z,2025-12-10T00:56:10Z,1.3333333333333333,callsign,1193,12.2126442268179,12.5824075879068,798.971643179665,731.133941345396,712.015699019342,649.42112805192,A321
100,SBBR,SBSV,TAM3409,NA,2025-12-10T19:31:00Z,2025-12-10T20:58:13Z,2025-12-10T19:31:26Z,0.43333333333333335,callsign,1288,3.45988113883584,3.33332649359686,526.430823858827,465.966891893301,508.826047414837,450.935731680113,A320
101,SBCF,SBSP,TAM3431,NA,2025-12-10T19:45:04Z,2025-12-10T21:14:16Z,2025-12-10T19:45:39Z,0.5833333333333334,callsign,1317,10.5435957166161,6.82901074589752,248.025708981751,165.176723214864,224.369134524606,154.617853391671,A320
105,SBCF,SBSP,TAM3629,NA,2025-12-10T18:55:31Z,2025-12-10T20:14:57Z,2025-12-10T18:55:42Z,0.18333333333333332,callsign,1175,26.5031175830202,6.54020692745001,282.969068108957,166.083952832439,223.685450220824,155.888520983947,A320
106,SBCF,SBSP,TAM3651,NA,2025-12-10T16:06:22Z,2025-12-10T17:44:32Z,2025-12-10T16:06:57Z,0.5833333333333334,callsign,1439,32.1257967999018,37.898156888601,303.861917215147,222.001682807722,229.979250513306,160.989593926961,A320
107,SBGR,SBSV,TAM3652,NA,2025-12-10T18:14:26Z,2025-12-10T20:04:35Z,2025-12-10T18:14:25Z,0.016666666666666666,callsign,1629,4.14316625325586,4.40611146443384,734.999405641777,674.363239350747,705.75865136883,645.903989615081,A321
108,SBSV,SBGR,TAM3653,NA,2025-12-10T13:18:01Z,2025-12-10T15:11:39Z,2025-12-10T13:17:14Z,0.7833333333333333,callsign,1667,1.22608366355711,0.797648373444856,717.122745527492,654.631402503244,708.436718653442,649.451066633918,A320
110,SBBR,SBSV,TAM3776,NA,2025-12-10T11:56:46Z,2025-12-10T13:21:36Z,2025-12-10T11:56:56Z,0.16666666666666666,callsign,1235,1.21270932355939,0.84133523611106,514.463219506136,453.373963337848,508.299029780427,449.591392533938,A319
111,SBSV,SBBR,TAM3777,NA,2025-12-10T14:37:00Z,2025-12-10T16:05:49Z,2025-12-10T14:37:45Z,0.75,callsign,1309,1.91468912449955,1.37939560910151,517.644506956574,455.092008844134,507.919428890389,448.899903288906,A319
112,SBBR,SBCT,TAM3794,NA,2025-12-10T14:13:59Z,2025-12-10T15:54:09Z,2025-12-10T14:14:04Z,0.08333333333333333,callsign,1472,2.35816867271252,1.0906323559102,522.46360021388,453.932096057242,510.426873583918,449.034777484705,A320
113,SBCT,SBBR,TAM3795,NA,2025-12-10T15:27:00Z,2025-12-10T16:44:26Z,2025-12-10T15:27:20Z,0.3333333333333333,callsign,1136,1.55178587062679,1.34769121820425,515.528298483074,452.805560265177,507.650647463589,446.784287656119,A320
114,SBSV,SBBR,TAM3809,NA,2025-12-10T22:09:37Z,2025-12-10T23:39:52Z,2025-12-10T22:09:56Z,0.31666666666666665,callsign,1331,9.2245575098851,8.4994568392726,557.069408835172,486.061691792268,510.022124635072,447.985368730743,A320
115,SBSV,SBBR,TAM3811,NA,2025-12-10T08:34:23Z,2025-12-10T10:14:42Z,2025-12-10T08:34:24Z,0.016666666666666666,callsign,1480,3.38733914975999,1.30555812978778,531.780821701441,455.991035292615,514.357779274248,450.114528472783,A320
116,SBBR,SBSV,TAM3816,NA,2025-12-10T16:06:50Z,2025-12-10T17:33:22Z,2025-12-10T16:07:00Z,0.16666666666666666,callsign,1267,6.31719804064078,6.61705968716061,541.240360434731,480.884465964884,509.080722977515,451.038949466354,A320
117,SBSV,SBBR,TAM3817,NA,2025-12-10T18:45:02Z,2025-12-10T20:25:45Z,2025-12-10T18:44:59Z,0.05,callsign,1488,6.07369829936948,3.95032969368128,545.585466293655,466.452690667691,514.345662535364,448.726513943942,A320
118,SBGR,SBRJ,TAM3974,NA,2025-12-10T15:52:52Z,2025-12-10T16:54:52Z,2025-12-10T15:52:43Z,0.15,callsign,904,2.46500464534023,2.45346545920606,110.01408655289,49.6029635808459,107.367473347295,48.4151154463354,A319
119,SBRJ,SBGR,TAM3975,NA,2025-12-10T19:56:16Z,2025-12-10T20:41:22Z,2025-12-10T19:56:23Z,0.11666666666666667,callsign,667,3.30541847230037,4.59083593349736,110.850041536471,49.5068963060433,107.303221046622,47.3338757302998,A319
120,SBBR,SBSV,TAM3995,NA,2025-12-10T23:52:03Z,2025-12-10T23:59:58Z,2025-12-10T23:55:25Z,3.3666666666666667,callsign,118,1.6036621095047,1.37267341517625,518.248632045306,457.89846558037,510.068851147075,451.698125494853,A321
121,SBGR,SBSV,TAM4674,NA,2025-12-10T05:06:20Z,2025-12-10T06:56:44Z,2025-12-10T05:06:00Z,0.3333333333333333,callsign,1631,0.156205253775066,0.121768352872458,706.464501630818,645.900511512067,705.362688053909,645.114965644268,A321
122,SBSV,SBGR,TAM4675,NA,2025-12-10T09:06:00Z,2025-12-10T11:44:22Z,2025-12-10T09:06:05Z,0.08333333333333333,callsign,2336,19.5468817221242,20.794791585868,844.791489050582,782.423703130253,706.661250281895,647.729668521395,A320
124,SBSP,SBCF,TAM9003,NA,2025-12-10T13:13:33Z,2025-12-10T14:06:09Z,2025-12-10T13:13:23Z,0.16666666666666666,callsign,777,4.3327111875238,1.19421621716481,214.467572988068,146.777680478976,205.561199883507,145.04552331725,A320
2,SBCF,SBSP,AZU2636,AZU9601,2025-12-10T12:05:15Z,2025-12-10T13:28:19Z,2025-12-10T11:58:37Z,6.633333333333334,time,1209,125.402890409622,114.546690208306,493.108201881081,459.995656858842,218.767470543506,214.403520470172,A20N
26,SBCF,SBSP,AZU6075,TAM3629,2025-12-10T18:44:01Z,2025-12-10T20:20:31Z,2025-12-10T18:55:42Z,11.683333333333334,time,1427,26.5031175830202,6.54020692745001,282.969068108957,166.083952832439,223.685450220824,155.888520983947,A320
33,SBCF,SBSP,AZU6427,TAM3629,2025-12-10T19:06:00Z,2025-12-10T21:24:21Z,2025-12-10T18:55:42Z,10.3,time,2044,26.5031175830202,6.54020692745001,282.969068108957,166.083952832439,223.685450220824,155.888520983947,A320
39,SBGR,SBSV,GLO1160,GLO9612,2025-12-10T10:16:16Z,2025-12-10T11:55:49Z,2025-12-10T10:25:30Z,9.233333333333333,time,1471,0.250134426955656,0.200852618942266,707.094861688588,646.495344500627,705.330587066486,645.19944451891,B738
52,SBSP,SBCF,GLO1350,TAM3126,2025-12-10T00:39:30Z,2025-12-10T01:14:59Z,2025-12-10T00:41:19Z,1.8166666666666667,time,264,0.780361031263014,0.552923560446607,205.900147757021,145.149226228651,204.305824716334,144.351075124529,A320
72,SBBR,SBSV,PPCPN,TAM3409,2025-12-10T19:32:38Z,2025-12-10T21:03:38Z,2025-12-10T19:31:26Z,1.2,time,1344,3.45988113883584,3.33332649359686,526.430823858827,465.966891893301,508.826047414837,450.935731680113,A320
102,SBCF,SBSP,TAM3457,TAM3651,2025-12-10T15:57:12Z,2025-12-10T17:33:01Z,2025-12-10T16:06:57Z,9.75,time,1404,32.1257967999018,37.898156888601,303.861917215147,222.001682807722,229.979250513306,160.989593926961,A320
126,SBCF,SBSP,TAM9424,AZU9601,2025-12-10T11:47:01Z,2025-12-10T12:50:27Z,2025-12-10T11:58:37Z,11.6,time,936,125.402890409622,114.546690208306,493.108201881081,459.995656858842,218.767470543506,214.403520470172,A20N
